variant_id,run_group_id,ticker,provider,status,answer_path,fiscal_year,report_period,revenue,net_income,total_assets,operating_cash_flow,capital_expenditures,free_cash_flow,net_margin,free_cash_flow_margin
aapl-financialdatasets-rest,01KRNZ4636BF4468TR063ZKSMY,AAPL,Financial Datasets,pass,.axp/sandboxes/01KRNZ33R1MTTW3VDJBSE8RKX8/workspace/answer.json,2026,2026-03-28,111184000000,29578000000,371082000000,28702000000,1971000000,26731000000,0.266027,0.240421
aapl-sec-edgar,01KRNZ489NE2PHT7ARVZWBWCW3,AAPL,SEC EDGAR,pass,.axp/sandboxes/01KRNZ36FA0EQDJZ54ZR5C6EEC/workspace/answer.json,2026,2026-03-28,111184000000,29578000000,371082000000,28702000000,1971000000,26731000000,0.266027,0.240421
cost-financialdatasets-rest,01KRNZ49P6ZEG4QE024SD6AJEC,COST,Financial Datasets,fail,.axp/sandboxes/01KRNZ39F2D8TFZYYQHPZS83GC/workspace/answer.json,2026,2025-11-23,67307000000,2001000000,82790000000,4688000000,1526000000,3162000000,0.029729,0.046979
cost-sec-edgar,01KRNZ47H4BD9CYB9XRCPNAHRX,COST,SEC EDGAR,pass,.axp/sandboxes/01KRNZ39HVQTFR4A7QVDPFZSGD/workspace/answer.json,2026,2026-02-15,69597000000,2035000000,83639000000,2996000000,1289000000,1707000000,0.02924,0.024527
googl-financialdatasets-rest,01KRNZ5STFWV4J4G4QZY5V0G00,GOOGL,Financial Datasets,pass,.axp/sandboxes/01KRNZ34SS9ZVPNBM4Y6C4F8WJ/workspace/answer.json,2026,2026-03-31,109896000000,62578000000,703919000000,45790000000,35674000000,10116000000,0.569429,0.092051
googl-sec-edgar,01KRNZ6SZS3V793NXTYH1MVZMG,GOOGL,SEC EDGAR,pass,.axp/sandboxes/01KRNZ35VBV751C8K0EMG3WKK1/workspace/answer.json,2026,2026-03-31,109896000000,62578000000,703919000000,45790000000,35674000000,10116000000,0.569429,0.092051
jnj-financialdatasets-rest,01KRNZ7SV21SMT5NNM3P0YTWHC,JNJ,Financial Datasets,pass,.axp/sandboxes/01KRNZ378BV5K66B42VQA5DMYJ/workspace/answer.json,2026,2026-03-29,24062000000,5235000000,200894000000,2514000000,1049000000,1465000000,0.217563,0.060884
jnj-sec-edgar,01KRNZ837CZGGT17MD4E46XPC2,JNJ,SEC EDGAR,pass,.axp/sandboxes/01KRNZ37EF6VY0625167ZCG6J9/workspace/answer.json,2026,2026-03-29,24062000000,5235000000,200894000000,2514000000,1049000000,1465000000,0.217563,0.060884
meta-financialdatasets-rest,01KRNZ8TRJTE266ABA1Z0SSWF5,META,Financial Datasets,pass,.axp/sandboxes/01KRNZ364YET26WMR0EDQRKK4A/workspace/answer.json,2026,2026-03-31,56311000000,26773000000,395250000000,32226000000,18997000000,13229000000,0.475449,0.234927
meta-sec-edgar,01KRNZ9K97KE12NRD29CVKWPS4,META,SEC EDGAR,fail,.axp/sandboxes/01KRNZ36TMYYBD4AP2BKHY9M5J/workspace/answer.json,2026,2026-03-31,56311000000,26773000000,395250000000,32226000000,19840000000,12386000000,0.475449,0.219957
msft-financialdatasets-rest,01KRNZA3HZS536XGQ7GCSJSHKG,MSFT,Financial Datasets,pass,.axp/sandboxes/01KRNZ37V5FT0JJJHTYDER7FY6/workspace/answer.json,2026,2026-03-31,82886000000,31778000000,694228000000,46679000000,30876000000,15803000000,0.383414,0.190668
msft-sec-edgar,01KRNZAF3ZQ6HNQQT4EQ5V9EPZ,MSFT,SEC EDGAR,pass,.axp/sandboxes/01KRNZ354EK5MS7DNFJPNCKSZ8/workspace/answer.json,2026,2026-03-31,82886000000,31778000000,694228000000,46679000000,30876000000,15803000000,0.383394,0.190659
pg-financialdatasets-rest,01KRNZAWMAXP774FWK6GA9E0WC,PG,Financial Datasets,pass,.axp/sandboxes/01KRNZ39TNH9CN5WXSS64JERZE/workspace/answer.json,2026,2026-03-31,21235000000,3932000000,128378000000,4045000000,1019000000,3026000000,0.185166,0.142501
pg-sec-edgar,01KRNZB9QE59A0E1E2B6M4FHJK,PG,SEC EDGAR,pass,.axp/sandboxes/01KRNZ3AC13F9ZNVJZ6K9GB87Y/workspace/answer.json,2026,2026-03-31,21235000000,3932000000,128378000000,4045000000,1019000000,3026000000,0.185166,0.142501
tsla-financialdatasets-rest,01KRNZCYFNFVXJVS0M54DCN5PJ,TSLA,Financial Datasets,pass,.axp/sandboxes/01KRNZ38W7JDG8S5RTSE33R8RV/workspace/answer.json,2026,2026-03-31,22387000000,477000000,143724000000,3937000000,2493000000,1444000000,0.021308,0.064502
tsla-sec-edgar,01KRNZDSR2Q88XCTMG4C9MZHPJ,TSLA,SEC EDGAR,fail,.axp/sandboxes/01KRNZ399TNQKKCFWG7K4KGS4H/workspace/answer.json,2026,2026-03-31,22387000000,491000000,143724000000,3937000000,2493000000,1444000000,0.021932,0.064502
wmt-financialdatasets-rest,01KRNZE5Q1RSXTN1G77FSBCTC4,WMT,Financial Datasets,fail,.axp/sandboxes/01KRNZ38F02TYP4CE5CFAWRDNT/workspace/answer.json,2026,2025-10-31,179496000000,6143000000,288655000000,27452000000,18627000000,8825000000,0.034224,0.049165
wmt-sec-edgar,01KRNZEMYXANA5SKNZAHE7JZ1M,WMT,SEC EDGAR,pass,.axp/sandboxes/01KRNZ38PRR6QR0AWNDK8TGS3Q/workspace/answer.json,2026,2026-01-31,190656000000,4237000000,284668000000,14113000000,8015000000,6098000000,0.022223,0.031984
xom-financialdatasets-rest,01KRNZGBKMK58KC3W9D4JP30H3,XOM,Financial Datasets,pass,.axp/sandboxes/01KRNZ37RDWDTV3V4ADQ1JGKXR/workspace/answer.json,2026,2026-03-31,85138000000,4183000000,464410000000,8705000000,6470000000,2235000000,0.049132,0.026252
xom-sec-edgar,01KRNZH75DD8MJ09J3B7W3Z33K,XOM,SEC EDGAR,pass,.axp/sandboxes/01KRNZ386DY6V4M05XXJRJFV9M/workspace/answer.json,2026,2026-03-31,85138000000,4183000000,464410000000,8705000000,6470000000,2235000000,0.049132,0.026251
